competition_division_id,competition_division_name
division-men-under-160,남자 160미만
division-men-160-200,남자 160~200
division-women-under-160,여자 160미만
division-women-160-200,여자 160~200
division-mixed-under-160,혼성 160미만
division-mixed-over-160,혼성 160이상
division-indoor-men-under-30,남자 30세미만
division-indoor-men-under-40,남자 40세미만
division-indoor-men-under-50,남자 50세미만
division-indoor-men-under-60,남자 60세미만
division-indoor-men-relay,남자 릴레이
division-indoor-women-under-30,여자 30세미만
division-indoor-women-under-40,여자 40세미만
division-indoor-women-relay,여자 릴레이
division-indoor-unspecified,나이대 미확인
